"ID","DEMAND","YEAR"
21,2912168416.09,2026
1,3931450731.3,2011
2,4857327129,2014
3,8625208667.32,2025
4,8439844889.37,2024
5,4178869467.5,2012
6,5217091827.3,2015
7,5596117654.4,2017
8,6502941051.900001,2019
9,7494969007.87,2021
10,5355136734.900001,2016
11,7381155538.18,2022
12,7954982185.03,2023
13,4455631244.2,2013
14,5895986833.9,2018
15,6994016273.522,2020
